"room","party","build","motor","status","seconds","damage","travel","stationary","boundary","cells","fieldCells","exposure","stalled","close","falls","peakFields","peakPacket"
"split","1","base","move","victory","22,9","12","139,4088433073429","0,5333333333333333","6,883333333333314","49","0","21","10,5","0","0","0","4580"
"split","1","base","stationary","defeat","44,07","100","0,00019185387737911654","44,06666666666545","0","2","0","24","6,25","0","0","0","4792"
"split","1","base","back-wall","defeat","14,03","100","0,0031004550306180188","14,03333333333361","14,03333333333361","1","0","13,5","0","0","0","0","4762"
"split","1","base","corner","defeat","24,15","100","0,0013042474857485912","24,14999999999991","24,14999999999991","1","0","24,25","22,75","0","0","0","4773"
"split","1","reaction","move","victory","16,55","0","96,22291287946622","0,26666666666666666","6,733333333333315","39","0","13,75","8","0","0","0","5000"
"split","1","reaction","stationary","defeat","24,78","100","0,00011305653698605012","24,783333333333207","0","2","0","25","2,5","0","0","0","4429"
"split","1","reaction","back-wall","defeat","18,33","100","8,442017316961597E-06","18,333333333333574","18,333333333333574","1","0","18,5","0","0","0","0","4655"
"split","1","reaction","corner","defeat","18,33","100","2,697398300928996E-07","18,333333333333574","18,333333333333574","1","0","18,5","17","0","0","0","4259"
"split","1","field","move","victory","15,9","14","97,7113266008821","0,4333333333333333","6,466666666666649","38","19","13","9,25","0","0","2","5561"
"split","1","field","stationary","defeat","35,53","100","0,00015692555554073763","35,5333333333326","0","2","11","35,75","3,5","0","0","2","5432"
"split","1","field","back-wall","defeat","14,38","100","0,004281407070551626","14,383333333333628","14,383333333333628","1","6","14,5","0","0","0","2","5190"
"split","1","field","corner","defeat","30,42","100","2,697398300928996E-07","30,41666666666622","30,41666666666622","1","8","30,5","29","0","0","2","5620"
"split","1","structure","move","victory","10,88","0","64,12062024275866","0,21666666666666665","4,666666666666655","29","1","8,5","4,5","0","0","1","5179"
"split","1","structure","stationary","victory","17,95","0","8,504235394161652E-05","17,950000000000262","0","2","0","7","1,75","0","0","0","5012"
"split","1","structure","back-wall","victory","39,88","70","8,442017316961597E-06","39,88333333333235","39,88333333333235","1","0","12,25","0","0","0","0","5775"
"split","1","structure","corner","defeat","30,42","100","2,697398300928996E-07","30,41666666666622","30,41666666666622","1","0","30,5","29","0","0","0","5736"
"split","1","basin","move","victory","12,85","0","70,06117465143763","0,2333333333333333","5,616666666666652","29","18","8,75","6,5","0","0","1","5414"
"split","1","basin","stationary","victory","46,88","98","0,00020329796917599154","46,883333333331954","0","2","13","19,25","2","0","0","1","5429"
"split","1","basin","back-wall","victory","43,85","98","8,442017316961597E-06","43,84999999999879","43,84999999999879","1","11","19","0","0","0","1","5406"
"split","1","basin","corner","defeat","26,25","100","2,697398300928996E-07","26,24999999999979","26,24999999999979","1","7","26,25","25","0","0","1","5294"
"split","2","base","move","victory","12,53","26","149,60389797715106","0,4333333333333333","8,466666666666667","55","0","12,75","0,25","0","0","0","5809"
"split","2","base","stationary","victory","50,52","108","0,001999742472421571","101,03333333332888","0","4","0","19","0","0","0","0","5862"
"split","2","base","back-wall","victory","17,45","94","0,00031864942189915787","34,8999999999993","34,8999999999993","2","0","10,5","0","0","0","0","6034"
"split","2","base","corner","defeat","49,22","200","1,0163168183889242E-06","98,43333333332903","98,43333333332903","1","0","49,25","47,75","0","0","0","5946"
"split","2","reaction","move","victory","9,18","26","104,23711740173827","0,6333333333333336","7,14999999999998","37","0","9,25","0,25","0","0","0","5744"
"split","2","reaction","stationary","defeat","56,77","200","0,00010854868101923371","113,53333333332817","0","4","0","35,75","0","0","0","0","5204"
"split","2","reaction","back-wall","defeat","48,42","200","0,0005622406928542487","96,83333333332912","96,83333333332912","2","0","29,5","0","0","0","0","5578"
"split","2","reaction","corner","defeat","28,33","200","1,0163168183889242E-06","56,66666666666473","56,66666666666473","1","0","28,5","27","0","0","0","5312"
"split","2","field","move","victory","12,48","2","148,77394119041588","0,3333333333333333","9,416666666666714","48","13","12,5","0,25","0","0","4","7084"
"split","2","field","stationary","victory","63,48","100","0,0001964059274181595","126,96666666666074","0","4","18","44,25","0","0","0","4","6813"
"split","2","field","back-wall","victory","33,22","70","0,0003886719672683111","66,43333333333085","66,43333333333085","2","19","33,25","0","0","0","4","7174"
"split","2","field","corner","defeat","71,2","200","1,0163168183889242E-06","142,40000000000546","142,40000000000546","1","7","71,25","69,75","0","0","4","6839"
"split","2","structure","move","victory","5,38","0","65,04151864247146","0,18333333333333332","2,249999999999997","32","1","5,5","0","0","0","1","7140"
"split","2","structure","stationary","victory","5,6","0","3,9049665211128245E-05","11,200000000000136","0","4","0","5,75","0","0","0","0","6642"
"split","2","structure","back-wall","victory","8,83","42","0,00010972222971948298","17,666666666666945","17,666666666666945","2","0","8,5","0","0","0","0","7097"
"split","2","structure","corner","defeat","51,3","200","1,0163168183889242E-06","102,59999999999546","102,59999999999546","1","0","51,5","50","0","0","0","7807"
"split","2","basin","move","victory","5,68","0","65,60029305995856","0,15","4,499999999999989","31","15","5,75","0,75","0","0","2","7244"
"split","2","basin","stationary","victory","71,38","42","0,00030786661314813996","142,76666666667242","0","4","20","8,75","0,5","0","0","2","6791"
"split","2","basin","back-wall","victory","13,75","56","0,00016598901438745175","27,49999999999972","27,49999999999972","2","11","10","0,25","0","0","2","6786"
"split","2","basin","corner","defeat","49,22","200","1,0163168183889242E-06","98,43333333332903","98,43333333332903","1","13","49,25","47,75","0","0","2","6984"
"gallery","1","base","move","victory","22,68","26","139,27623187002033","0,35","4,766666666666655","40","0","22,75","0","0","0","0","5117"
"gallery","1","base","stationary","defeat","18,42","100","0,00013208389282226562","18,416666666666902","0","2","0","18,5","10,5","0","0","0","4800"
"gallery","1","base","back-wall","defeat","81,33","100","0,0007772117275584503","81,33333333333","81,33333333333","1","0","35,25","76,25","0","0","0","4562"
"gallery","1","base","corner","defeat","18,83","100","2,6973982946486263E-07","18,833333333333545","18,833333333333545","1","0","19","0","0","0","0","5167"
"gallery","1","reaction","move","victory","16,35","0","97,07723608260743","0,15","3,1999999999999935","29","0","15","0","0","0","0","5097"
"gallery","1","reaction","stationary","defeat","18,42","100","0,00013208389282226562","18,416666666666902","0","2","0","18,5","2,5","0","0","0","4453"
"gallery","1","reaction","back-wall","defeat","79,18","100","0,0007564693111766144","79,18333333333013","79,18333333333013","1","0","33","74","0","0","0","4461"
"gallery","1","reaction","corner","defeat","18,83","100","2,6973982946486263E-07","18,833333333333545","18,833333333333545","1","0","19","0","0","0","0","4720"
"gallery","1","field","move","victory","14,25","34","89,23664605394691","0,3833333333333333","2,499999999999996","30","12","14,25","0","0","0","2","5457"
"gallery","1","field","stationary","active","100","84","0,0007157325744628906","99,99999999999561","0","2","7","41,25","1,5","0","0","2","5359"
"gallery","1","field","back-wall","defeat","66,28","100","0,0006334453243602081","66,28333333333086","66,28333333333086","1","10","20,25","8,25","0","0","2","5327"
"gallery","1","field","corner","defeat","19,6","100","2,6973982946486263E-07","19,60000000000017","19,60000000000017","1","6","19,75","0","0","0","2","5307"
"gallery","1","structure","move","victory","10,55","0","60,77889679427532","0,3","1,7166666666666655","23","0","9,5","0","0","0","0","5721"
"gallery","1","structure","stationary","defeat","18,67","100","0,00013399124145507812","18,666666666666888","0","2","0","18,75","0","0","0","0","5802"
"gallery","1","structure","back-wall","defeat","64,13","100","0,0006131797451365753","64,13333333333098","64,13333333333098","1","0","18","0","0","0","0","5752"
"gallery","1","structure","corner","defeat","18,83","100","2,6973982946486263E-07","18,833333333333545","18,833333333333545","1","0","19","0","0","0","0","6101"
"gallery","1","basin","move","victory","17,35","0","97,04408847769923","0,31666666666666665","2,0999999999999974","24","15","16","8","0","0","1","5834"
"gallery","1","basin","stationary","defeat","18,42","100","0,00013208389282226562","18,416666666666902","0","2","6","18,5","0,25","0","0","1","5549"
"gallery","1","basin","back-wall","defeat","64,13","100","0,0006131797451365753","64,13333333333098","64,13333333333098","1","12","18","38,25","0","0","1","5334"
"gallery","1","basin","corner","defeat","18,83","100","2,6973982946486263E-07","18,833333333333545","18,833333333333545","1","6","19","0","0","0","1","5776"
"gallery","2","base","move","victory","13,43","52","177,52258601623774","0,6000000000000002","6,1499999999999835","44","0","13","0","4","0","0","5870"
"gallery","2","base","stationary","active","100","100","0,0004960874753312482","200,0000000000513","0","3","0","18,5","0","0","0","0","5848"
"gallery","2","base","back-wall","active","100","100","0,0012306948826297697","200,0000000000513","200,0000000000513","2","0","19,25","4","0","0","0","6090"
"gallery","2","base","corner","active","100","198","5,144226596439443E-06","200,0000000000513","200,0000000000513","1","0","35","0","0","0","0","6334"
"gallery","2","reaction","move","victory","10,48","0","126,29868032609211","0,3","3,766666666666658","32","0","9,75","0","1,25","0","0","6196"
"gallery","2","reaction","stationary","active","100","140","0,0004960874753312482","200,0000000000513","0","3","0","24,75","0","0","0","0","5608"
"gallery","2","reaction","back-wall","active","100","100","0,0012306948826297697","200,0000000000513","200,0000000000513","2","0","19,25","94,75","0","0","0","5400"
"gallery","2","reaction","corner","defeat","37,68","200","5,144226596439443E-06","75,36666666666368","75,36666666666368","1","0","37,75","1","0","0","0","5699"
"gallery","2","field","move","victory","9,68","8","108,42647288046152","0,39999999999999997","3,3333333333333264","36","23","9,75","0","3,25","0","4","7026"
"gallery","2","field","stationary","victory","49,72","84","0,000540314121754588","99,43333333332897","0","3","12","41","0,25","0","0","4","7005"
"gallery","2","field","back-wall","active","100","142","0,001777150265930551","200,0000000000513","200,0000000000513","2","17","92","15,75","0","0","4","7102"
"gallery","2","field","corner","active","100","98","5,144226596439443E-06","200,0000000000513","200,0000000000513","1","12","43,5","0,5","0","0","4","6751"
"gallery","2","structure","move","victory","7,38","0","82,17144016837885","0,3333333333333333","2,716666666666662","34","0","7,5","0","1,75","0","0","7149"
"gallery","2","structure","stationary","victory","82,43","100","0,0004350523190812482","164,86666666669","0","3","0","18,75","0","0","0","0","7388"
"gallery","2","structure","back-wall","active","100","100","0,0012306948826297697","200,0000000000513","200,0000000000513","2","0","19,25","0","0","0","0","8295"
"gallery","2","structure","corner","active","100","184","5,144226596439443E-06","200,0000000000513","200,0000000000513","1","0","33,25","0","0","0","0","8125"
"gallery","2","basin","move","victory","7,22","0","84,0174605527941","0,21666666666666665","1,816666666666665","31","17","6,5","0","1,5","0","2","6827"
"gallery","2","basin","stationary","active","100","100","0,0004960874753312482","200,0000000000513","0","3","16","18,5","0","0","0","2","6886"
"gallery","2","basin","back-wall","active","100","100","0,0012306948826297697","200,0000000000513","200,0000000000513","2","29","19,25","0","0","0","2","6937"
"gallery","2","basin","corner","defeat","38,1","200","5,144226596439443E-06","76,19999999999696","76,19999999999696","1","18","36,75","0,25","0","0","2","7088"
"rotunda","1","base","move","victory","23,87","14","151,8742872093256","0,49999999999999994","2,2999999999999967","39","0","23,5","9,25","0","0","0","4309"
"rotunda","1","base","stationary","defeat","14,03","100","0,004595801970694754","14,03333333333361","0","1","0","13,5","0","0","0","0","4574"
"rotunda","1","base","back-wall","defeat","16,37","100","0,003916223293514838","16,36666666666702","16,36666666666702","1","0","16,5","0","0","0","0","4528"
"rotunda","1","base","corner","defeat","16,35","100","2,6973982946486263E-07","16,350000000000353","16,350000000000353","1","0","16,5","0","0","0","0","4571"
"rotunda","1","reaction","move","victory","16,52","0","95,33491655071353","0,39999999999999997","1,266666666666667","39","0","15,75","2,25","0","0","0","4430"
"rotunda","1","reaction","stationary","defeat","18,33","100","4,559303671268859E-06","18,333333333333574","0","1","0","18,5","0","0","0","0","4370"
"rotunda","1","reaction","back-wall","defeat","18,45","100","0,00018020061008866713","18,450000000000234","18,450000000000234","1","0","18,5","0","0","0","0","4191"
"rotunda","1","reaction","corner","defeat","18,43","100","2,6973982946486263E-07","18,433333333333568","18,433333333333568","1","0","18,5","0","0","0","0","4158"
"rotunda","1","field","move","victory","14,55","0","85,90076629565043","0,24999999999999997","1,1333333333333342","28","15","13,5","1","0","0","2","5003"
"rotunda","1","field","stationary","defeat","14,42","100","0,004523374125176949","14,416666666666963","0","2","6","14,5","0","0","0","2","4931"
"rotunda","1","field","back-wall","defeat","16,37","100","0,004568310209143159","16,36666666666702","16,36666666666702","1","16","16,5","0","0","0","2","4916"
"rotunda","1","field","corner","active","100","84","2,6973982946486263E-07","99,99999999999561","99,99999999999561","1","12","41,5","0","0","0","2","5160"
"rotunda","1","structure","move","victory","11,5","0","69,22405821144206","0,16666666666666666","1,7999999999999985","33","0","8,5","4,25","0","0","0","5226"
"rotunda","1","structure","stationary","victory","26,92","70","4,559303671268859E-06","26,91666666666642","0","1","0","11,5","0","0","0","0","5532"
"rotunda","1","structure","back-wall","defeat","18,45","100","0,00018020061008866713","18,450000000000234","18,450000000000234","1","0","18,5","0","0","0","0","5491"
"rotunda","1","structure","corner","defeat","18,68","100","2,6973982946486263E-07","18,683333333333554","18,683333333333554","1","0","18,75","0","0","0","0","5457"
"rotunda","1","basin","move","victory","11,45","0","65,64815806159524","0,19999999999999998","0,41666666666666663","25","15","10,25","0,25","0","0","1","5388"
"rotunda","1","basin","stationary","victory","57,68","98","4,559303671268859E-06","57,68333333333134","0","1","10","15,75","0,25","0","0","1","5154"
"rotunda","1","basin","back-wall","defeat","18,45","100","0,00018020061008866713","18,450000000000234","18,450000000000234","1","9","18,5","0","0","0","1","5135"
"rotunda","1","basin","corner","defeat","18,43","100","2,6973982946486263E-07","18,433333333333568","18,433333333333568","1","6","18,5","0","0","0","1","5144"
"rotunda","2","base","move","victory","14,38","14","172,57582645472385","0,6833333333333338","4,033333333333324","44","0","13,75","0,25","1,5","0","0","5338"
"rotunda","2","base","stationary","victory","12,85","164","0,0004083590943929991","25,69999999999982","0","3","0","13","0","0","0","0","5877"
"rotunda","2","base","back-wall","defeat","18,82","200","0,00018301394932135502","37,63333333333248","37,63333333333248","2","0","19","0","0","0","0","5896"
"rotunda","2","base","corner","active","100","100","5,394796589297253E-07","200,0000000000513","200,0000000000513","2","0","17","0","0","0","0","5755"
"rotunda","2","reaction","move","victory","10,22","14","116,19905267678871","0,39999999999999997","1,8833333333333315","38","0","9,5","0","0,5","0","0","5207"
"rotunda","2","reaction","stationary","defeat","18,72","200","1,5262948675745295E-05","37,43333333333249","0","3","0","18,75","0","0","0","0","4835"
"rotunda","2","reaction","back-wall","defeat","18,82","200","0,00018301394932135502","37,63333333333248","37,63333333333248","2","0","19","0","0","0","0","4891"
"rotunda","2","reaction","corner","defeat","37,67","200","5,394796589297253E-07","75,33333333333034","75,33333333333034","2","0","37,75","0","0","0","0","4871"
"rotunda","2","field","move","victory","9,35","0","110,38742249319232","0,3833333333333333","1,4166666666666665","42","20","9","0","1,25","0","4","6483"
"rotunda","2","field","stationary","victory","33,95","84","1,5262948675745295E-05","67,89999999999743","0","3","17","34","0","0","0","4","6900"
"rotunda","2","field","back-wall","victory","42,05","112","0,00040808108799323","84,09999999999651","84,09999999999651","2","17","42,25","0","0","0","4","6879"
"rotunda","2","field","corner","active","100","56","5,394796589297253E-07","200,0000000000513","200,0000000000513","2","11","29,25","0","0","0","4","6422"
"rotunda","2","structure","move","victory","6,58","0","73,69745534496903","0,26666666666666666","0,5166666666666666","33","0","6,25","0","0,75","0","0","7430"
"rotunda","2","structure","stationary","victory","11,43","112","1,5262948675745295E-05","22,86666666666665","0","3","0","11,5","0","0","0","0","7739"
"rotunda","2","structure","back-wall","defeat","19,07","200","0,00018301394932135502","38,13333333333245","38,13333333333245","2","0","19,25","0","0","0","0","7577"
"rotunda","2","structure","corner","active","100","98","5,394796589297253E-07","200,0000000000513","200,0000000000513","2","0","17","0","0","0","0","7557"
"rotunda","2","basin","move","victory","6,75","0","78,09669194134484","0,18333333333333332","0,16666666666666666","35","15","6","0,5","0,25","0","2","6597"
"rotunda","2","basin","stationary","victory","13,28","140","1,5262948675745295E-05","26,56666666666644","0","3","10","13,5","0,5","0","0","2","6820"
"rotunda","2","basin","back-wall","defeat","18,82","200","0,00018301394932135502","37,63333333333248","37,63333333333248","2","10","19","0,25","0","0","2","6919"
"rotunda","2","basin","corner","active","100","100","5,394796589297253E-07","200,0000000000513","200,0000000000513","2","11","17","0","0","0","2","6801"
"terrace","1","base","move","active","100","0","609,9411181089718","0,44999999999999996","19,31666666666685","41","0","99,25","4,5","0","0","0","5382"
"terrace","1","base","stationary","defeat","25,68","100","0,006476994655713353","25,683333333333156","0","1","0","16","8,5","0","0","0","4694"
"terrace","1","base","back-wall","defeat","28,15","100","0,00485451557236542","28,149999999999682","28,149999999999682","1","0","19","13,75","0","0","0","4986"
"terrace","1","base","corner","defeat","18,47","100","0,003192717679758276","18,4666666666669","18,4666666666669","1","0","18,5","0","0","0","0","5059"
"terrace","1","reaction","move","active","100","0","614,0553038403256","0,8000000000000008","20,68333333333344","32","0","99,25","1,5","0","0","0","5081"
"terrace","1","reaction","stationary","defeat","27,83","100","0,004806022060474355","27,833333333333034","0","1","0","18,25","5,25","0","0","0","4613"
"terrace","1","reaction","back-wall","defeat","28,15","100","0,00485451557236542","28,149999999999682","28,149999999999682","1","0","19","13,75","0","0","0","4821"
"terrace","1","reaction","corner","defeat","18,47","100","0,003192717679758276","18,4666666666669","18,4666666666669","1","0","18,5","0","0","0","0","4667"
"terrace","1","field","move","victory","30,97","14","188,3226789864994","0,06666666666666667","4,783333333333322","26","13","30,25","2","0","0","2","5673"
"terrace","1","field","stationary","defeat","23,53","100","0,011834582967164387","23,533333333333278","0","1","5","14","4","0","0","2","5419"
"terrace","1","field","back-wall","defeat","28,15","100","0,00485451557236542","28,149999999999682","28,149999999999682","1","10","19","7,5","0","0","2","5490"
"terrace","1","field","corner","active","100","84","0,01725273812653562","99,99999999999561","99,99999999999561","1","8","42","0","0","0","2","5743"
"terrace","1","structure","move","victory","11,15","0","60,388345116327386","0","0,7500000000000007","22","0","4,75","0","0","0","0","5617"
"terrace","1","structure","stationary","defeat","27,83","100","0,004806022060474355","27,833333333333034","0","1","0","18,25","0","0","0","0","5636"
"terrace","1","structure","back-wall","defeat","28,15","100","0,00485451557236542","28,149999999999682","28,149999999999682","1","0","19","2,25","0","0","0","5957"
"terrace","1","structure","corner","defeat","18,47","100","0,003192717679758276","18,4666666666669","18,4666666666669","1","0","18,5","0","0","0","0","5903"
"terrace","1","basin","move","active","100","0","512,3145532479357","0","12,96666666666689","25","14","6,25","0","0","0","1","5543"
"terrace","1","basin","stationary","defeat","27,83","100","0,004806022060474355","27,833333333333034","0","1","8","18,25","2,5","0","0","1","5165"
"terrace","1","basin","back-wall","defeat","28,15","100","0,00485451557236542","28,149999999999682","28,149999999999682","1","8","19","14","0","0","1","5539"
"terrace","1","basin","corner","defeat","18,47","100","0,003192717679758276","18,4666666666669","18,4666666666669","1","4","18,5","0","0","0","1","5637"
"terrace","2","base","move","victory","22,9","14","264,4296414287707","0,18333333333333332","4,9166666666666545","40","0","14,75","0,25","2,5","0","0","5777"
"terrace","2","base","stationary","victory","25,83","96","0,008919159088514128","51,666666666665016","0","2","0","26","2,5","0","0","0","5905"
"terrace","2","base","back-wall","defeat","38,07","200","0,009861812039379182","76,1333333333303","76,1333333333303","2","0","38,25","13,75","0","0","0","5920"
"terrace","2","base","corner","active","100","100","0,020457256923035183","200,0000000000513","200,0000000000513","2","0","18,75","0","0","0","0","6525"
"terrace","2","reaction","move","victory","68,22","0","720,8731345910754","0,03333333333333333","15,000000000000325","41","0","11,25","0,25","17,5","0","0","6247"
"terrace","2","reaction","stationary","defeat","36,3","200","0,009489229388128519","72,59999999999717","0","2","0","36,5","3","0","0","0","5495"
"terrace","2","reaction","back-wall","defeat","38,07","200","0,009861812039379182","76,1333333333303","76,1333333333303","2","0","38,25","13,75","0","0","0","5256"
"terrace","2","reaction","corner","defeat","37,68","200","0,009727467189148463","75,36666666666368","75,36666666666368","2","0","37,75","0","0","0","0","5716"
"terrace","2","field","move","victory","16,02","4","183,92307473786036","0,11666666666666665","3,383333333333326","45","16","10,75","0","3","0","4","7217"
"terrace","2","field","stationary","victory","40,22","84","0,01412848232368741","80,43333333333005","0","2","11","40,25","3","0","0","4","7003"
"terrace","2","field","back-wall","victory","47,65","84","0,016564379293968232","95,29999999999588","95,29999999999588","2","12","47,75","7,25","0","0","4","6914"
"terrace","2","field","corner","active","100","100","0,02300283963544489","200,0000000000513","200,0000000000513","2","8","33","0","0","0","4","7297"
"terrace","2","structure","move","victory","5,42","0","62,553934111712444","0","0,5666666666666668","22","0","5,5","0","0","0","0","6787"
"terrace","2","structure","stationary","victory","12,87","70","0,00441839011614209","25,733333333333153","0","2","0","13","0","0","0","0","7508"
"terrace","2","structure","back-wall","victory","30,43","170","0,008542443624991078","60,86666666666449","60,86666666666449","2","0","30,5","0,25","0","0","0","7471"
"terrace","2","structure","corner","active","100","100","0,020457256923035183","200,0000000000513","200,0000000000513","2","0","18,5","0","0","0","0","8262"
"terrace","2","basin","move","victory","11,68","0","141,35237501726508","0,016666666666666666","3,0333333333333274","42","22","5,5","0","3","0","2","7034"
"terrace","2","basin","stationary","victory","26,72","98","0,009223858042759329","53,43333333333158","0","2","13","26,75","0","0","0","2","6795"
"terrace","2","basin","back-wall","defeat","38,47","200","0,009933551107860662","76,93333333333025","76,93333333333025","2","17","38,5","14","0","0","2","6538"
"terrace","2","basin","corner","active","100","100","0,020457256923035183","200,0000000000513","200,0000000000513","2","12","18,5","0,25","0","0","2","7313"
"broken","1","base","move","victory","20,88","0","124,19863396463236","0,55","3,1166666666666605","41","0","21","5","0","0","0","4716"
"broken","1","base","stationary","defeat","10,3","100","0","10,300000000000091","0","1","0","10,5","4,25","0","0","0","4305"
"broken","1","base","back-wall","defeat","10,05","100","0,0033385249801172277","10,050000000000079","10,050000000000079","1","0","10,25","1","0","0","0","4436"
"broken","1","base","corner","defeat","15,2","100","1,2234141458711126E-06","15,200000000000335","15,200000000000335","1","0","15,25","12,5","0","0","0","5060"
"broken","1","reaction","move","victory","17,02","0","101,42343295238985","0,4666666666666666","2,3999999999999964","30","0","17","7,75","0","0","0","4846"
"broken","1","reaction","stationary","defeat","10,3","100","0","10,300000000000091","0","1","0","10,5","2,75","0","0","0","4508"
"broken","1","reaction","back-wall","defeat","10,2","100","0,00011692219125257858","10,200000000000086","10,200000000000086","1","0","10,25","0","0","0","0","4105"
"broken","1","reaction","corner","defeat","15,2","100","1,2234141458711126E-06","15,200000000000335","15,200000000000335","1","0","15,25","12,5","0","0","0","4632"
"broken","1","field","move","victory","15,42","0","91,67324552374218","0,3333333333333333","2,166666666666664","30","16","15,5","7,75","0","0","2","5188"
"broken","1","field","stationary","defeat","10,3","100","0","10,300000000000091","0","1","3","10,5","6,5","0","0","2","4806"
"broken","1","field","back-wall","defeat","12,58","100","0,00014231607495578146","12,583333333333538","12,583333333333538","1","6","12,75","0,25","0","0","2","5112"
"broken","1","field","corner","defeat","38,25","100","1,2234141458711126E-06","38,24999999999911","38,24999999999911","1","9","38,25","35,5","0","0","2","5417"
"broken","1","structure","move","victory","11,3","0","70,80240643786523","0,31666666666666665","1,4499999999999997","24","1","11,5","1,5","0","0","1","5652"
"broken","1","structure","stationary","defeat","10,3","100","0","10,300000000000091","0","1","0","10,5","4,75","0","0","0","4729"
"broken","1","structure","back-wall","defeat","12,3","100","0,0001391418394928811","12,30000000000019","12,30000000000019","1","0","12,5","0","0","0","0","5152"
"broken","1","structure","corner","defeat","15,2","100","1,2234141458711126E-06","15,200000000000335","15,200000000000335","1","0","15,25","12,5","0","0","0","5979"
"broken","1","basin","move","victory","9,98","0","56,33808546059715","0,21666666666666665","1,2500000000000004","25","10","10","0,5","0","0","1","5282"
"broken","1","basin","stationary","defeat","10,3","100","0","10,300000000000091","0","1","4","10,5","3","0","0","1","4972"
"broken","1","basin","back-wall","defeat","12,3","100","0,0001391418394928811","12,30000000000019","12,30000000000019","1","9","12,5","0","0","0","1","5250"
"broken","1","basin","corner","defeat","15,2","100","1,2234141458711126E-06","15,200000000000335","15,200000000000335","1","5","15,25","12,5","0","0","1","5581"
"broken","2","base","move","victory","11,88","0","146,48315787556456","0,41666666666666663","4,083333333333324","39","0","12","1,75","0,75","0","0","5245"
"broken","2","base","stationary","defeat","24,87","200","1,1511867343774294E-06","49,73333333333179","0","2","0","25","1","0","0","0","5554"
"broken","2","base","back-wall","victory","14,18","112","0,000503570796005648","28,366666666666337","28,366666666666337","2","0","14,25","0","0","0","0","5361"
"broken","2","base","corner","defeat","21,47","200","2,446828291742225E-06","42,93333333333218","42,93333333333218","1","0","21,5","3,5","0","0","0","5984"
"broken","2","reaction","move","victory","10,2","0","119,42441559030675","0,39999999999999997","2,9833333333333276","35","0","10,25","1","2,25","0","0","5656"
"broken","2","reaction","stationary","defeat","20,68","200","1,1511867343774294E-06","41,3666666666656","0","2","0","20,75","0,75","0","0","0","5068"
"broken","2","reaction","back-wall","defeat","33,38","200","0,0004335104124841073","66,76666666666416","66,76666666666416","2","0","33,5","0","0","0","0","5071"
"broken","2","reaction","corner","defeat","21,47","200","2,446828291742225E-06","42,93333333333218","42,93333333333218","1","0","21,5","18,75","0","0","0","5384"
"broken","2","field","move","victory","7,25","28","112,74755253645817","0,16666666666666666","0,4666666666666666","34","5","7,25","0,75","0,25","2","4","6860"
"broken","2","field","stationary","victory","36,95","114","1,1511867343774294E-06","73,89999999999709","0","2","10","37","0","0","0","4","6602"
"broken","2","field","back-wall","victory","32,35","98","0,00048009788450653417","64,69999999999762","64,69999999999762","2","9","32,5","0","0","0","4","6446"
"broken","2","field","corner","defeat","49,32","200","2,446828291742225E-06","98,63333333332902","98,63333333332902","1","9","49,5","46,75","0","0","4","6546"
"broken","2","structure","move","victory","7,52","0","93,02719533857477","0,18333333333333332","1,7833333333333319","36","0","7,5","0","0,25","0","0","6974"
"broken","2","structure","stationary","defeat","33,38","200","1,1511867343774294E-06","66,76666666666416","0","2","0","33,5","0","0","0","0","6946"
"broken","2","structure","back-wall","victory","9,48","42","0,00014168407653797184","18,96666666666687","18,96666666666687","2","0","9,5","0,25","0","0","0","6843"
"broken","2","structure","corner","defeat","21,47","200","2,446828291742225E-06","42,93333333333218","42,93333333333218","1","0","21,5","18,75","0","0","0","7212"
"broken","2","basin","move","victory","7,43","0","89,52476739592194","0,2333333333333333","1,2500000000000004","28","14","7,5","1","0","0","2","6994"
"broken","2","basin","stationary","victory","26,28","184","1,1511867343774294E-06","52,566666666664965","0","2","13","26,5","0","0","0","2","6624"
"broken","2","basin","back-wall","victory","11,18","70","0,0001666899537929131","22,366666666666678","22,366666666666678","2","14","11,25","0,25","0","0","2","6851"
"broken","2","basin","corner","defeat","21,52","200","2,446828291742225E-06","43,03333333333217","43,03333333333217","1","13","21,5","3,5","0","0","2","6909"
"yard","1","base","move","victory","21,7","0","122,4904942005373","0,2833333333333333","1,816666666666665","30","0","21,75","0","0","0","0","5443"
"yard","1","base","stationary","defeat","23,38","100","4,76837158203125E-07","23,383333333333287","0","1","0","23,5","0","0","0","0","5654"
"yard","1","base","back-wall","defeat","23,05","100","0,00722364768210175","23,049999999999972","23,049999999999972","1","0","23,25","0","0","0","0","5773"
"yard","1","base","corner","defeat","36,43","100","2,6973982946486263E-07","36,43333333333255","36,43333333333255","1","0","36,5","0","0","0","0","6133"
"yard","1","reaction","move","victory","15,32","0","86,02677211041515","0,36666666666666664","0,8333333333333343","24","0","15,5","0","0","0","0","6121"
"yard","1","reaction","stationary","defeat","35,78","100","4,76837158203125E-07","35,783333333332585","0","1","0","36","0","0","0","0","5391"
"yard","1","reaction","back-wall","defeat","27,27","100","0,003177219011653421","27,2666666666664","27,2666666666664","1","0","27,25","0","0","0","0","5429"
"yard","1","reaction","corner","defeat","36,43","100","2,6973982946486263E-07","36,43333333333255","36,43333333333255","1","0","36,5","0","0","0","0","5792"
"yard","1","field","move","victory","16,27","14","91,69525415022758","0,31666666666666665","1,0333333333333345","29","17","15","6,5","0","0","2","6289"
"yard","1","field","stationary","defeat","54,43","100","0,0009651578079948412","54,433333333331525","0","2","9","54,5","0","0","0","2","6821"
"yard","1","field","back-wall","defeat","47,37","100","0,002806047620357177","47,36666666666526","47,36666666666526","1","8","47,5","0","0","0","2","6768"
"yard","1","field","corner","defeat","36,43","100","2,6973982946486263E-07","36,43333333333255","36,43333333333255","1","7","36,5","0","0","0","2","6442"
"yard","1","structure","move","victory","10,03","0","59,45653956113279","0,18333333333333332","0,44999999999999996","21","0","10,25","0","0","0","0","6663"
"yard","1","structure","stationary","defeat","23,38","100","4,76837158203125E-07","23,383333333333287","0","1","0","23,5","0","0","0","0","6614"
"yard","1","structure","back-wall","defeat","31,45","100","0,00045008659362721914","31,449999999999495","31,449999999999495","1","0","31,5","0","0","0","0","6490"
"yard","1","structure","corner","defeat","36,43","100","2,6973982946486263E-07","36,43333333333255","36,43333333333255","1","0","36,5","0","0","0","0","7074"
"yard","1","basin","move","victory","10,35","0","58,08633645788619","0,21666666666666665","0,03333333333333333","24","13","10,5","0","0","0","1","6607"
"yard","1","basin","stationary","defeat","25,52","100","4,76837158203125E-07","25,5166666666665","0","1","7","25,5","0","0","0","1","6464"
"yard","1","basin","back-wall","defeat","25,18","100","0,00036044120788503164","25,183333333333184","25,183333333333184","1","9","25,25","0,25","0","0","1","6498"
"yard","1","basin","corner","defeat","36,43","100","2,6973982946486263E-07","36,43333333333255","36,43333333333255","1","8","36,5","0","0","0","1","6723"
"yard","2","base","move","victory","13,15","0","174,4506839127069","0,49999999999999994","2,749999999999995","38","0","13,25","0","2,25","0","0","6339"
"yard","2","base","stationary","defeat","32,02","200","0,0015047985876123838","64,03333333333099","0","3","0","32","0","0","0","0","6849"
"yard","2","base","back-wall","active","100","142","0,0021557761392613922","200,0000000000513","200,0000000000513","2","0","49,5","0","0","0","0","6488"
"yard","2","base","corner","defeat","45,5","200","2,446828291742225E-06","90,99999999999612","90,99999999999612","1","0","45,5","0","0","0","0","7318"
"yard","2","reaction","move","victory","11,13","0","127,70855181275077","0,35","1,483333333333333","31","0","11,25","0","6,5","0","0","6713"
"yard","2","reaction","stationary","defeat","25,6","200","5,431165665414343E-06","51,199999999998376","0","3","0","25,75","0","0","0","0","6532"
"yard","2","reaction","back-wall","defeat","52,72","200","0,0016110023677433816","105,43333333332863","105,43333333332863","2","0","52,75","0","0","0","0","6236"
"yard","2","reaction","corner","defeat","47,65","200","2,446828291742225E-06","95,29999999999588","95,29999999999588","1","0","47,75","0","0","0","0","6542"
"yard","2","field","move","victory","8,38","0","92,36794501568421","0,6000000000000002","0,9000000000000011","34","14","8,5","0,25","4,5","0","4","7801"
"yard","2","field","stationary","active","100","114","5,431165665414343E-06","200,0000000000513","0","3","15","100","0","0","0","4","8109"
"yard","2","field","back-wall","victory","51,02","56","0,0019597324262795764","102,03333333332883","102,03333333332883","2","16","51","0","0","0","4","7553"
"yard","2","field","corner","defeat","47,65","200","2,446828291742225E-06","95,29999999999588","95,29999999999588","1","9","47,75","0","0","0","4","7778"
"yard","2","structure","move","victory","6,4","0","76,74193789904942","0,21666666666666665","1,1500000000000008","25","0","6,5","0","1,5","0","0","8672"
"yard","2","structure","stationary","defeat","31,75","200","5,431165665414343E-06","63,49999999999768","0","3","0","31,75","0","0","0","0","8432"
"yard","2","structure","back-wall","victory","23,78","98","0,0009156302061646872","47,56666666666525","47,56666666666525","2","0","24","0","0","0","0","8680"
"yard","2","structure","corner","defeat","45,5","200","2,446828291742225E-06","90,99999999999612","90,99999999999612","1","0","45,5","0","0","0","0","9100"
"yard","2","basin","move","victory","6,42","0","68,03356546022735","0,19999999999999998","0,016666666666666666","22","11","6,5","0","4","0","2","8240"
"yard","2","basin","stationary","defeat","29,87","200","5,431165665414343E-06","59,733333333331224","0","3","9","30","0","0","0","2","8025"
"yard","2","basin","back-wall","active","100","156","0,002287634295233616","200,0000000000513","200,0000000000513","2","13","49,25","0","0","0","2","7473"
"yard","2","basin","corner","defeat","45,5","200","2,446828291742225E-06","90,99999999999612","90,99999999999612","1","20","45,5","0","0","0","2","8370"
"warden","1","base","move","victory","44,95","14","248,96161514935037","1,1166666666666676","3,899999999999991","66","0","0","0","0","0","0","4763"
"warden","1","base","stationary","victory","39,02","82","0,0002825707437343272","39,016666666665735","0","3","0","0","0","0","0","0","4909"
"warden","1","base","back-wall","victory","55,8","82","0,0010669747371344612","55,799999999998114","55,799999999998114","1","0","0","0","0","0","0","4905"
"warden","1","base","corner","defeat","50,5","100","0,032702131223089924","50,499999999998415","50,499999999998415","1","0","0","0","0","0","0","5087"
"warden","1","reaction","move","victory","28,18","0","158,20687818674202","0,5666666666666668","0,7166666666666672","49","0","0","0","0","0","0","4771"
"warden","1","reaction","stationary","victory","27,02","42","0,00019674005525776472","27,016666666666413","0","3","0","0","0","0","0","0","5027"
"warden","1","reaction","back-wall","victory","46,62","80","0,0008917370814948126","46,6166666666653","46,6166666666653","1","0","0","0","0","0","0","4637"
"warden","1","reaction","corner","victory","38,72","56","0,01776649849611753","38,71666666666575","38,71666666666575","1","0","0","0","0","0","0","4965"
"warden","1","field","move","victory","31,95","0","183,32126789439616","0,55","0,44999999999999996","52","34","0","0","0","0","2","5834"
"warden","1","field","stationary","victory","25,18","42","0,00018338861482807722","25,183333333333184","0","3","4","0","0","0","0","2","5562"
"warden","1","field","back-wall","victory","36,15","28","0,0006921807307868048","36,14999999999923","36,14999999999923","1","4","0","0","0","0","2","5314"
"warden","1","field","corner","victory","35,5","14","0,0002001777116462548","35,49999999999927","35,49999999999927","1","5","0","0","0","0","2","5250"
"warden","1","structure","move","victory","14,27","0","80,2858595776625","0,35","1,7833333333333319","25","0","0","0","0","0","0","5999"
"warden","1","structure","stationary","victory","20,87","14","0,00015263261812397565","20,866666666666763","0","3","1","0","0","0","0","1","5785"
"warden","1","structure","back-wall","victory","20,9","14","0,00040131006428289855","20,900000000000095","20,900000000000095","1","0","0","0","0","0","0","5786"
"warden","1","structure","corner","victory","32,52","28","2,6973982946486263E-07","32,516666666666104","32,516666666666104","1","0","0","0","0","0","0","6036"
"warden","1","basin","move","victory","13,97","0","75,48786584461631","0,16666666666666666","1,866666666666665","30","13","0","0","0","0","1","5656"
"warden","1","basin","stationary","victory","19,68","14","0,00014428796785542097","19,683333333333497","0","3","8","0","0","0","0","1","5344"
"warden","1","basin","back-wall","victory","21,82","14","0,0004187146205573126","21,81666666666671","21,81666666666671","1","6","0","0","0","0","1","5339"
"warden","1","basin","corner","victory","31,93","14","2,6973982946486263E-07","31,9333333333328","31,9333333333328","1","7","0","0","0","0","1","5543"
"warden","2","base","move","victory","33,73","28","394,89344085302986","1,5166666666666662","7,0833333333333135","67","0","0","0","8,25","0","0","6145"
"warden","2","base","stationary","victory","30,33","60","0,009535361974459764","60,666666666664504","0","6","0","0","0","0","0","0","6099"
"warden","2","base","back-wall","victory","36,7","60","0,00800158766861887","73,39999999999712","73,39999999999712","2","0","0","0","0","0","0","6282"
"warden","2","base","corner","victory","42,35","88","0,02806133785107746","84,69999999999648","84,69999999999648","2","0","0","0","0","0","0","6238"
"warden","2","reaction","move","victory","20,65","0","231,21655325672882","1,016666666666668","3,899999999999991","52","0","0","0","2,5","0","0","5651"
"warden","2","reaction","stationary","victory","21,9","46","0,008406241406462032","43,799999999998796","0","6","0","0","0","0","0","0","5546"
"warden","2","reaction","back-wall","victory","34,05","28","0,0008966961879394146","68,09999999999742","68,09999999999742","2","0","0","0","0","0","0","5420"
"warden","2","reaction","corner","victory","33,5","0","1,4931539753359752E-06","66,99999999999748","66,99999999999748","2","0","0","0","0","0","0","5565"
"warden","2","field","move","victory","19,82","0","228,90957615936088","0,49999999999999994","0,55","41","28","0","0","5,25","0","4","7078"
"warden","2","field","stationary","victory","21,77","46","0,015169864058044236","43,533333333332145","0","6","7","0","0","0","0","4","6506"
"warden","2","field","back-wall","victory","31,67","40","0,0008339921016357036","63,33333333333102","63,33333333333102","2","7","0","0","0","0","4","6690"
"warden","2","field","corner","victory","35,55","46","0,0022633365856431936","71,09999999999725","71,09999999999725","2","7","0","0","0","0","4","7009"
"warden","2","structure","move","victory","11,9","0","133,02217630320382","0,44999999999999996","4,083333333333324","35","1","0","0","3","0","2","8090"
"warden","2","structure","stationary","victory","16,45","46","0,0007503746738465624","32,899999999999416","0","6","1","0","0","0","0","1","7858"
"warden","2","structure","back-wall","victory","17,1","14","0,00045228395649410207","34,19999999999934","34,19999999999934","2","1","0","0","0","0","1","7855"
"warden","2","structure","corner","victory","28,15","28","1,4931539753359752E-06","56,299999999998086","56,299999999998086","2","0","0","0","0","0","0","8066"
"warden","2","basin","move","victory","15,12","0","164,7073927681653","0,6666666666666671","1,2833333333333337","32","18","0","0","4,25","0","2","7334"
"warden","2","basin","stationary","victory","15,65","28","0,00020129048190794418","31,299999999999503","0","6","8","0","0","0","0","2","6969"
"warden","2","basin","back-wall","victory","18,02","14","0,0004761258144042583","36,03333333333257","36,03333333333257","2","8","0","0","0","0","2","6963"
"warden","2","basin","corner","victory","27,57","28","1,4931539753359752E-06","55,133333333331485","55,133333333331485","2","7","0","0","0","0","2","7176"
"archive","1","base","move","active","100","0","501,02867238486533","1,5333333333333328","2,7833333333333283","20","0","0","13,25","0","0","0","3939"
"archive","1","base","stationary","active","100","12","4,76837158203125E-06","99,99999999999561","0","1","0","0","20","0","0","0","4092"
"archive","1","base","back-wall","active","100","82","0,002064565140507989","99,99999999999561","99,99999999999561","1","0","20,5","6,5","0","0","0","4161"
"archive","1","base","corner","active","100","42","2,697398300928996E-07","99,99999999999561","99,99999999999561","1","0","8","5,25","0","0","0","4227"
"archive","1","reaction","move","active","100","0","512,891509455119","1,4","1,9333333333333313","20","0","0","16","0","0","0","3792"
"archive","1","reaction","stationary","active","100","0","4,76837158203125E-06","99,99999999999561","0","1","0","0","20","0","0","0","3924"
"archive","1","reaction","back-wall","active","100","28","0,0009550864948326676","99,99999999999561","99,99999999999561","1","0","11,75","3,75","0","0","0","4216"
"archive","1","reaction","corner","defeat","39,98","100","2,697398300928996E-07","39,98333333333235","39,98333333333235","1","0","17","11,75","0","0","0","3982"
"archive","1","field","move","victory","46,65","0","239,070486674009","0,966666666666668","3,1499999999999937","23","10","0","4,75","0","0","2","4846"
"archive","1","field","stationary","victory","65,05","12","4,76837158203125E-06","65,0499999999976","0","1","13","0","0","0","0","2","4536"
"archive","1","field","back-wall","active","100","54","0,0009550864948326676","99,99999999999561","99,99999999999561","1","8","9,75","1","0","0","2","5138"
"archive","1","field","corner","active","100","28","2,697398300928996E-07","99,99999999999561","99,99999999999561","1","11","23","7,5","0","0","2","4723"
"archive","1","structure","move","victory","13,1","0","70,72487517910709","0,26666666666666666","0,8000000000000008","20","1","0","0","0","0","1","5644"
"archive","1","structure","stationary","victory","61,85","0","4,76837158203125E-06","61,84999999999777","0","1","0","0","1,75","0","0","0","4595"
"archive","1","structure","back-wall","active","100","14","0,0009550864948326676","99,99999999999561","99,99999999999561","1","0","5,25","0","0","0","0","4951"
"archive","1","structure","corner","active","100","0","2,697398300928996E-07","99,99999999999561","99,99999999999561","1","0","0","3","0","0","0","5118"
"archive","1","basin","move","active","100","0","495,5642182670535","1,566666666666666","1,2500000000000004","18","18","0","2,75","0","0","1","4576"
"archive","1","basin","stationary","active","100","0","4,76837158203125E-06","99,99999999999561","0","1","14","0","6,5","0","0","1","4697"
"archive","1","basin","back-wall","active","100","28","0,0009550864948326676","99,99999999999561","99,99999999999561","1","10","8,5","0,75","0","0","1","4933"
"archive","1","basin","corner","active","100","0","2,697398300928996E-07","99,99999999999561","99,99999999999561","1","12","0","2","0","0","1","4845"
"archive","2","base","move","active","100","12","1063,259623912588","3,099999999999994","5,13333333333332","36","0","0","12","39,75","0","0","4886"
"archive","2","base","stationary","active","100","0","7,5035419356821965E-06","200,0000000000513","0","3","0","0","6,25","0","0","0","4994"
"archive","2","base","back-wall","active","100","112","0,003198623387468922","200,0000000000513","200,0000000000513","2","0","17","0","0","0","0","5154"
"archive","2","base","corner","active","100","42","4,94841675737061E-06","200,0000000000513","200,0000000000513","1","0","7,5","5,5","0","0","0","5410"
"archive","2","reaction","move","active","100","0","1032,389414516225","3,1666666666666603","0,8333333333333343","25","0","0","14,25","32","0","0","4747"
"archive","2","reaction","stationary","active","100","0","7,5035419356821965E-06","200,0000000000513","0","3","0","0","12,5","0","0","0","4602"
"archive","2","reaction","back-wall","active","100","100","0,0009674428169121748","200,0000000000513","200,0000000000513","2","0","19","0","0","0","0","5553"
"archive","2","reaction","corner","active","100","28","4,94841675737061E-06","200,0000000000513","200,0000000000513","1","0","4,25","2,75","0","0","0","5244"
"archive","2","field","move","victory","28,12","0","295,3492605175182","1,566666666666666","2,8499999999999948","30","13","0","0","16,5","0","4","6402"
"archive","2","field","stationary","victory","56,95","0","7,5035419356821965E-06","113,89999999999482","0","3","10","0","0","0","0","4","5874"
"archive","2","field","back-wall","victory","96,05","100","0,000929772681414128","192,10000000004501","192,10000000004501","2","18","21,25","0","0","0","4","6456"
"archive","2","field","corner","active","100","28","4,94841675737061E-06","200,0000000000513","200,0000000000513","1","14","5","2","0","0","4","6492"
"archive","2","structure","move","victory","8,18","0","89,1057724715051","0,26666666666666666","2,249999999999997","21","1","0","0","5","0","1","6997"
"archive","2","structure","stationary","victory","59,52","0","7,5035419356821965E-06","119,03333333332786","0","3","0","0","0","0","0","0","6699"
"archive","2","structure","back-wall","victory","82,43","100","0,0007998345558037764","164,86666666669","164,86666666669","2","0","19","0","0","0","0","6788"
"archive","2","structure","corner","active","100","0","4,94841675737061E-06","200,0000000000513","200,0000000000513","1","0","0","1,25","0","0","0","7126"
"archive","2","basin","move","victory","13,58","0","148,122953172601","0,5833333333333335","5,2166666666666535","46","22","6","0","2,5","0","2","6357"
"archive","2","basin","stationary","active","100","0","7,5035419356821965E-06","200,0000000000513","0","3","17","0","1","0","0","2","5940"
"archive","2","basin","back-wall","active","100","100","0,0009674428169121748","200,0000000000513","200,0000000000513","2","22","21,25","0,25","0","0","2","6283"
"archive","2","basin","corner","active","100","0","4,94841675737061E-06","200,0000000000513","200,0000000000513","1","16","0","1,75","0","0","2","6493"
